{"schemaVersion":"1.0","appDefinitionTemplate":{"id":"/providers/Microsoft.PowerApps/apps/","type":"Microsoft.PowerApps/apps","tags":{"primaryDeviceWidth":"1366","primaryDeviceHeight":"768","sienaVersion":"20210811T232139Z-3.21071.27.0","deviceCapabilities":"","supportsPortrait":"true","supportsLandscape":"true","primaryFormFactor":"Tablet","publisherVersion":"3.21071.27","minimumRequiredApiVersion":"2.2.0","hasComponent":"false","hasUnlockedComponent":"false","isUnifiedRootApp":"false"},"properties":{"appVersion":"2021-08-11T23:21:39Z","lifeCycleId":"Published","createdByClientVersion":{"major":3,"minor":21071,"build":27,"revision":0,"majorRevision":0,"minorRevision":0},"minClientVersion":{"major":3,"minor":21071,"build":27,"revision":0,"majorRevision":0,"minorRevision":0},"backgroundColor":"rgba(0, 176, 240, 1)","backgroundImageUri":"/3273957647862295553/N271f61ee-593e-405a-9258-28b8fe602e7f-logoSmallFile","displayName":"TimesheetsClearDemo","description":"","commitMessage":"","appUris":{"documentUri":{"value":"/3273957647862295553/Ne076eb8c-b136-44d2-814b-5592d42e12dd-document.msapp"},"imageUris":[]},"createdTime":"0001-01-01T00:00:00Z","lastModifiedTime":"0001-01-01T00:00:00Z","sharedGroupsCount":0,"sharedUsersCount":0,"icons":{"smallIconUri":"/3273957647862295553/Na2e83613-d3db-4f17-92ab-40e7d3a4c28e-small.png","mediumIconUri":"/3273957647862295553/N0d04f208-8375-4b49-a77c-d2d843f82321-medium.png","largeIconUri":"/3273957647862295553/Nb571673f-a60d-4785-84fc-93dfe9d118f8-large.png","wideIconUri":"/3273957647862295553/N2cfaa932-59bc-42b3-921a-8ca0c69460c1-wide.png"},"connectionReferences":{"0bfc19b5-5a90-49a5-bb77-6c86c339d9a6":{"id":"96983e86-e38b-4112-83b5-1293d4979b8c","displayName":"SharePoint","iconUri":"https://connectoricons-prod.azureedge.net/releases/v1.0.1487/1.0.1487.2472/sharepointonline/icon.png","dataSources":["Timesheets"],"dependencies":[],"dependents":[],"parameterHints":{},"parameterHintsV2":{},"isOnPremiseConnection":false,"bypassConsent":false,"dataSets":{"https://shawandpartners.sharepoint.com/sites/Personnel":{"dataSources":{"Timesheets":{"tableName":"0fc3c7d0-75c5-4d12-8e11-d3e422f33e22"}}}},"apiTier":"Standard","isCustomApiConnection":false},"2f3bc6a9-36a7-471d-831e-4a590f97a9a6":{"id":"b262dca1-b69e-4a72-9fe5-5fe8eaadba52","displayName":"Office 365 Users","iconUri":"https://connectoricons-prod.azureedge.net/releases/v1.0.1472/1.0.1472.2427/office365users/icon.png","dataSources":["Office365Users"],"dependencies":[],"dependents":[],"parameterHints":{},"parameterHintsV2":{},"isOnPremiseConnection":false,"bypassConsent":false,"dataSets":{},"apiTier":"Standard","isCustomApiConnection":false,"actions":["SearchUser"]}},"databaseReferences":{},"almMode":"Environment","performanceOptimizationEnabled":true,"canConsumeAppPass":true,"executionRestrictions":{"isTeamsOnly":false,"dataLossPreventionEvaluationResult":{"status":"Compliant","lastEvaluationDate":"2021-08-11T23:19:49.0748667Z","violations":[],"violationsByPolicy":[],"violationErrorMessage":"The app uses the following connectors: shared_sharepointonline, shared_office365users, shared_logicflows, shared_office365, shared_onedriveforbusiness."}}},"appType":"ClassicCanvasApp","appComponents":[]}}